instance_id,model_id,prediction,ground_truth
0,groq_llama3,sadness,sadness
1,groq_llama3,sadness,sadness
2,groq_llama3,love,sadness
3,groq_llama3,joy,joy
4,groq_llama3,surprise,sadness
5,groq_llama3,sadness,fear
6,groq_llama3,anger,anger
7,groq_llama3,sadness,joy
8,groq_llama3,joy,joy
9,groq_llama3,sadness,anger
10,groq_llama3,unknown,fear
11,groq_llama3,love,sadness
12,groq_llama3,fear,fear
13,groq_llama3,joy,joy
14,groq_llama3,surprise,love
15,groq_llama3,sadness,sadness
16,groq_llama3,joy,joy
17,groq_llama3,anger,sadness
18,groq_llama3,anger,anger
19,groq_llama3,joy,joy
20,groq_llama3,sadness,sadness
21,groq_llama3,joy,joy
22,groq_llama3,sadness,joy
23,groq_llama3,sadness,sadness
24,groq_llama3,sadness,sadness
25,groq_llama3,fear,fear
26,groq_llama3,anger,anger
27,groq_llama3,sadness,sadness
28,groq_llama3,sadness,fear
29,groq_llama3,joy,anger
30,groq_llama3,sadness,fear
31,groq_llama3,sadness,anger
32,groq_llama3,fear,sadness
33,groq_llama3,sadness,anger
34,groq_llama3,sadness,sadness
35,groq_llama3,joy,joy
36,groq_llama3,joy,joy
37,groq_llama3,sadness,sadness
38,groq_llama3,joy,joy
39,groq_llama3,joy,joy
40,groq_llama3,anger,anger
41,groq_llama3,sadness,sadness
42,groq_llama3,joy,joy
43,groq_llama3,sadness,sadness
44,groq_llama3,joy,joy
45,groq_llama3,anger,anger
46,groq_llama3,love,joy
47,groq_llama3,joy,joy
48,groq_llama3,sadness,fear
49,groq_llama3,unknown,fear
50,groq_llama3,sadness,sadness
51,groq_llama3,fear,fear
52,groq_llama3,joy,joy
53,groq_llama3,fear,sadness
54,groq_llama3,joy,joy
55,groq_llama3,sadness,sadness
56,groq_llama3,sadness,sadness
57,groq_llama3,joy,joy
58,groq_llama3,love,sadness
59,groq_llama3,sadness,anger
60,groq_llama3,sadness,sadness
61,groq_llama3,unknown,sadness
62,groq_llama3,sadness,joy
63,groq_llama3,joy,joy
64,groq_llama3,anger,sadness
65,groq_llama3,surprise,surprise
66,groq_llama3,sadness,sadness
67,groq_llama3,unknown,anger
68,groq_llama3,fear,fear
69,groq_llama3,sadness,surprise
70,groq_llama3,unknown,joy
71,groq_llama3,sadness,love
72,groq_llama3,unknown,surprise
73,groq_llama3,love,joy
74,groq_llama3,sadness,love
75,groq_llama3,anger,anger
76,groq_llama3,joy,joy
77,groq_llama3,sadness,sadness
78,groq_llama3,joy,joy
79,groq_llama3,love,love
80,groq_llama3,joy,joy
81,groq_llama3,anger,anger
82,groq_llama3,sadness,sadness
83,groq_llama3,sadness,joy
84,groq_llama3,anger,sadness
85,groq_llama3,sadness,sadness
86,groq_llama3,love,joy
87,groq_llama3,joy,joy
88,groq_llama3,joy,joy
89,groq_llama3,sadness,sadness
90,groq_llama3,joy,joy
91,groq_llama3,sadness,fear
92,groq_llama3,unknown,anger
93,groq_llama3,unknown,fear
94,groq_llama3,surprise,anger
95,groq_llama3,anger,anger
96,groq_llama3,sadness,love
97,groq_llama3,sadness,sadness
98,groq_llama3,sadness,anger
99,groq_llama3,joy,sadness
100,groq_llama3,sadness,sadness
101,groq_llama3,sadness,sadness
102,groq_llama3,sadness,sadness
103,groq_llama3,anger,fear
104,groq_llama3,unknown,anger
105,groq_llama3,anger,anger
106,groq_llama3,sadness,joy
107,groq_llama3,joy,joy
108,groq_llama3,sadness,fear
109,groq_llama3,sadness,sadness
110,groq_llama3,sadness,joy
111,groq_llama3,joy,love
112,groq_llama3,fear,fear
113,groq_llama3,joy,joy
114,groq_llama3,sadness,sadness
115,groq_llama3,sadness,joy
116,groq_llama3,joy,joy
117,groq_llama3,unknown,fear
118,groq_llama3,sadness,sadness
119,groq_llama3,anger,joy
120,groq_llama3,joy,sadness
121,groq_llama3,joy,joy
122,groq_llama3,joy,sadness
123,groq_llama3,sadness,anger
124,groq_llama3,sadness,sadness
125,groq_llama3,sadness,love
126,groq_llama3,sadness,sadness
127,groq_llama3,fear,fear
128,groq_llama3,sadness,sadness
129,groq_llama3,sadness,sadness
130,groq_llama3,joy,joy
131,groq_llama3,joy,love
132,groq_llama3,sadness,sadness
133,groq_llama3,sadness,anger
134,groq_llama3,anger,anger
135,groq_llama3,joy,joy
136,groq_llama3,fear,fear
137,groq_llama3,anger,anger
138,groq_llama3,sadness,sadness
139,groq_llama3,joy,joy
140,groq_llama3,unknown,joy
141,groq_llama3,sadness,sadness
142,groq_llama3,joy,fear
143,groq_llama3,joy,joy
144,groq_llama3,sadness,joy
145,groq_llama3,sadness,sadness
146,groq_llama3,joy,joy
147,groq_llama3,fear,fear
148,groq_llama3,unknown,fear
149,groq_llama3,sadness,love
150,groq_llama3,sadness,sadness
151,groq_llama3,sadness,love
152,groq_llama3,unknown,surprise
153,groq_llama3,sadness,sadness
154,groq_llama3,love,joy
155,groq_llama3,sadness,sadness
156,groq_llama3,unknown,joy
157,groq_llama3,joy,joy
158,groq_llama3,sadness,anger
159,groq_llama3,sadness,sadness
160,groq_llama3,anger,anger
161,groq_llama3,surprise,anger
162,groq_llama3,unknown,joy
163,groq_llama3,unknown,fear
164,groq_llama3,surprise,fear
165,groq_llama3,unknown,joy
166,groq_llama3,surprise,love
167,groq_llama3,love,love
168,groq_llama3,sadness,love
169,groq_llama3,sadness,sadness
170,groq_llama3,unknown,love
171,groq_llama3,anger,anger
172,groq_llama3,sadness,joy
173,groq_llama3,anger,joy
174,groq_llama3,sadness,sadness
175,groq_llama3,anger,anger
176,groq_llama3,joy,joy
177,groq_llama3,joy,joy
178,groq_llama3,sadness,sadness
179,groq_llama3,sadness,sadness
180,groq_llama3,joy,fear
181,groq_llama3,love,joy
182,groq_llama3,sadness,sadness
183,groq_llama3,love,love
184,groq_llama3,fear,fear
185,groq_llama3,joy,sadness
186,groq_llama3,sadness,joy
187,groq_llama3,joy,joy
188,groq_llama3,sadness,fear
189,groq_llama3,joy,anger
190,groq_llama3,joy,joy
191,groq_llama3,joy,sadness
192,groq_llama3,love,joy
193,groq_llama3,sadness,anger
194,groq_llama3,sadness,sadness
195,groq_llama3,sadness,sadness
196,groq_llama3,sadness,fear
197,groq_llama3,anger,fear
198,groq_llama3,joy,joy
199,groq_llama3,sadness,joy
200,groq_llama3,joy,joy
201,groq_llama3,joy,love
202,groq_llama3,surprise,love
203,groq_llama3,joy,joy
204,groq_llama3,joy,joy
205,groq_llama3,joy,joy
206,groq_llama3,anger,love
207,groq_llama3,sadness,fear
208,groq_llama3,fear,fear
209,groq_llama3,sadness,joy
210,groq_llama3,sadness,anger
211,groq_llama3,anger,sadness
212,groq_llama3,joy,joy
213,groq_llama3,unknown,fear
214,groq_llama3,joy,joy
215,groq_llama3,unknown,sadness
216,groq_llama3,sadness,anger
217,groq_llama3,sadness,sadness
218,groq_llama3,anger,anger
219,groq_llama3,joy,anger
220,groq_llama3,sadness,joy
221,groq_llama3,fear,fear
222,groq_llama3,joy,surprise
223,groq_llama3,sadness,joy
224,groq_llama3,sadness,joy
225,groq_llama3,joy,joy
226,groq_llama3,anger,anger
227,groq_llama3,sadness,joy
228,groq_llama3,joy,love
229,groq_llama3,sadness,fear
230,groq_llama3,sadness,sadness
231,groq_llama3,sadness,sadness
232,groq_llama3,joy,joy
233,groq_llama3,joy,joy
234,groq_llama3,sadness,fear
235,groq_llama3,joy,joy
236,groq_llama3,sadness,sadness
237,groq_llama3,joy,joy
238,groq_llama3,sadness,sadness
239,groq_llama3,love,joy
240,groq_llama3,sadness,sadness
241,groq_llama3,love,love
242,groq_llama3,fear,fear
243,groq_llama3,sadness,joy
244,groq_llama3,sadness,sadness
245,groq_llama3,sadness,sadness
246,groq_llama3,sadness,sadness
247,groq_llama3,anger,anger
248,groq_llama3,joy,joy
249,groq_llama3,unknown,surprise
250,groq_llama3,sadness,sadness
251,groq_llama3,unknown,sadness
252,groq_llama3,sadness,sadness
253,groq_llama3,sadness,anger
254,groq_llama3,love,love
255,groq_llama3,sadness,sadness
256,groq_llama3,joy,joy
257,groq_llama3,sadness,joy
258,groq_llama3,anger,sadness
259,groq_llama3,sadness,anger
260,groq_llama3,sadness,anger
261,groq_llama3,sadness,anger
262,groq_llama3,love,joy
263,groq_llama3,anger,anger
264,groq_llama3,sadness,anger
265,groq_llama3,love,love
266,groq_llama3,surprise,joy
267,groq_llama3,joy,joy
268,groq_llama3,sadness,anger
269,groq_llama3,sadness,sadness
270,groq_llama3,sadness,anger
271,groq_llama3,anger,anger
272,groq_llama3,fear,fear
273,groq_llama3,sadness,sadness
274,groq_llama3,anger,anger
275,groq_llama3,sadness,sadness
276,groq_llama3,joy,joy
277,groq_llama3,sadness,fear
278,groq_llama3,unknown,anger
279,groq_llama3,sadness,sadness
280,groq_llama3,unknown,joy
281,groq_llama3,sadness,sadness
282,groq_llama3,sadness,sadness
283,groq_llama3,joy,joy
284,groq_llama3,joy,joy
285,groq_llama3,joy,joy
286,groq_llama3,sadness,love
287,groq_llama3,sadness,sadness
288,groq_llama3,sadness,joy
289,groq_llama3,sadness,joy
290,groq_llama3,anger,surprise
291,groq_llama3,fear,fear
292,groq_llama3,sadness,love
293,groq_llama3,sadness,sadness
294,groq_llama3,love,love
295,groq_llama3,sadness,fear
296,groq_llama3,anger,anger
297,groq_llama3,sadness,sadness
298,groq_llama3,sadness,sadness
299,groq_llama3,anger,anger
300,groq_llama3,joy,joy
301,groq_llama3,sadness,anger
302,groq_llama3,joy,love
303,groq_llama3,joy,love
304,groq_llama3,sadness,joy
305,groq_llama3,sadness,fear
306,groq_llama3,anger,anger
307,groq_llama3,sadness,love
308,groq_llama3,anger,fear
309,groq_llama3,sadness,fear
310,groq_llama3,surprise,joy
311,groq_llama3,joy,sadness
312,groq_llama3,sadness,fear
313,groq_llama3,joy,joy
314,groq_llama3,sadness,sadness
315,groq_llama3,surprise,anger
316,groq_llama3,anger,love
317,groq_llama3,surprise,surprise
318,groq_llama3,anger,anger
319,groq_llama3,sadness,fear
320,groq_llama3,unknown,sadness
321,groq_llama3,sadness,sadness
322,groq_llama3,joy,sadness
323,groq_llama3,joy,joy
324,groq_llama3,joy,sadness
325,groq_llama3,sadness,sadness
326,groq_llama3,sadness,love
327,groq_llama3,sadness,anger
328,groq_llama3,sadness,sadness
329,groq_llama3,sadness,sadness
330,groq_llama3,sadness,fear
331,groq_llama3,unknown,sadness
332,groq_llama3,anger,sadness
333,groq_llama3,love,love
334,groq_llama3,sadness,sadness
335,groq_llama3,joy,joy
336,groq_llama3,anger,sadness
337,groq_llama3,love,joy
338,groq_llama3,unknown,joy
339,groq_llama3,sadness,sadness
340,groq_llama3,fear,anger
341,groq_llama3,joy,love
342,groq_llama3,joy,surprise
343,groq_llama3,joy,joy
344,groq_llama3,joy,joy
345,groq_llama3,love,joy
346,groq_llama3,sadness,joy
347,groq_llama3,anger,fear
348,groq_llama3,fear,fear
349,groq_llama3,anger,joy
350,groq_llama3,sadness,sadness
351,groq_llama3,sadness,sadness
352,groq_llama3,sadness,sadness
353,groq_llama3,love,joy
354,groq_llama3,sadness,joy
355,groq_llama3,joy,love
356,groq_llama3,sadness,love
357,groq_llama3,sadness,sadness
358,groq_llama3,unknown,sadness
359,groq_llama3,unknown,joy
360,groq_llama3,unknown,anger
361,groq_llama3,sadness,sadness
362,groq_llama3,sadness,sadness
363,groq_llama3,anger,anger
364,groq_llama3,sadness,joy
365,groq_llama3,joy,joy
366,groq_llama3,sadness,love
367,groq_llama3,sadness,sadness
368,groq_llama3,sadness,anger
369,groq_llama3,anger,love
370,groq_llama3,sadness,sadness
371,groq_llama3,joy,joy
372,groq_llama3,joy,joy
373,groq_llama3,anger,anger
374,groq_llama3,sadness,joy
375,groq_llama3,joy,sadness
376,groq_llama3,sadness,joy
377,groq_llama3,sadness,sadness
378,groq_llama3,sadness,anger
379,groq_llama3,sadness,sadness
380,groq_llama3,fear,fear
381,groq_llama3,love,anger
382,groq_llama3,sadness,surprise
383,groq_llama3,fear,fear
384,groq_llama3,joy,joy
385,groq_llama3,anger,anger
386,groq_llama3,anger,anger
387,groq_llama3,sadness,fear
388,groq_llama3,sadness,joy
389,groq_llama3,unknown,sadness
390,groq_llama3,sadness,sadness
391,groq_llama3,sadness,love
392,groq_llama3,sadness,sadness
393,groq_llama3,sadness,sadness
394,groq_llama3,fear,fear
395,groq_llama3,sadness,sadness
396,groq_llama3,sadness,anger
397,groq_llama3,love,joy
398,groq_llama3,sadness,sadness
399,groq_llama3,fear,fear
400,groq_llama3,joy,fear
401,groq_llama3,joy,joy
402,groq_llama3,sadness,surprise
403,groq_llama3,sadness,sadness
404,groq_llama3,sadness,love
405,groq_llama3,joy,joy
406,groq_llama3,joy,joy
407,groq_llama3,sadness,sadness
408,groq_llama3,anger,joy
409,groq_llama3,sadness,sadness
410,groq_llama3,surprise,fear
411,groq_llama3,love,anger
412,groq_llama3,joy,joy
413,groq_llama3,love,joy
414,groq_llama3,anger,anger
415,groq_llama3,joy,joy
416,groq_llama3,sadness,fear
417,groq_llama3,sadness,sadness
418,groq_llama3,sadness,anger
419,groq_llama3,sadness,fear
420,groq_llama3,joy,joy
421,groq_llama3,fear,fear
422,groq_llama3,unknown,fear
423,groq_llama3,anger,joy
424,groq_llama3,sadness,sadness
425,groq_llama3,joy,joy
426,groq_llama3,fear,sadness
427,groq_llama3,joy,joy
428,groq_llama3,anger,anger
429,groq_llama3,joy,fear
430,groq_llama3,sadness,anger
431,groq_llama3,sadness,sadness
432,groq_llama3,sadness,fear
433,groq_llama3,sadness,fear
434,groq_llama3,sadness,fear
435,groq_llama3,sadness,sadness
436,groq_llama3,joy,joy
437,groq_llama3,anger,anger
438,groq_llama3,anger,anger
439,groq_llama3,unknown,sadness
440,groq_llama3,sadness,joy
441,groq_llama3,sadness,surprise
442,groq_llama3,anger,anger
443,groq_llama3,sadness,sadness
444,groq_llama3,fear,sadness
445,groq_llama3,joy,joy
446,groq_llama3,sadness,sadness
447,groq_llama3,sadness,sadness
448,groq_llama3,anger,joy
449,groq_llama3,joy,anger
450,groq_llama3,sadness,sadness
451,groq_llama3,sadness,anger
452,groq_llama3,sadness,sadness
453,groq_llama3,surprise,sadness
454,groq_llama3,sadness,fear
455,groq_llama3,sadness,sadness
456,groq_llama3,love,joy
457,groq_llama3,sadness,fear
458,groq_llama3,joy,joy
459,groq_llama3,anger,anger
460,groq_llama3,sadness,fear
461,groq_llama3,joy,joy
462,groq_llama3,unknown,sadness
463,groq_llama3,sadness,sadness
464,groq_llama3,fear,sadness
465,groq_llama3,joy,joy
466,groq_llama3,love,love
467,groq_llama3,joy,sadness
468,groq_llama3,sadness,sadness
469,groq_llama3,joy,surprise
470,groq_llama3,fear,fear
471,groq_llama3,sadness,sadness
472,groq_llama3,joy,joy
473,groq_llama3,unknown,joy
474,groq_llama3,sadness,anger
475,groq_llama3,joy,joy
476,groq_llama3,sadness,sadness
477,groq_llama3,anger,anger
478,groq_llama3,joy,joy
479,groq_llama3,unknown,fear
480,groq_llama3,sadness,sadness
481,groq_llama3,sadness,sadness
482,groq_llama3,sadness,anger
483,groq_llama3,joy,joy
484,groq_llama3,sadness,joy
485,groq_llama3,unknown,sadness
486,groq_llama3,sadness,fear
487,groq_llama3,sadness,anger
488,groq_llama3,unknown,joy
489,groq_llama3,joy,joy
490,groq_llama3,joy,joy
491,groq_llama3,sadness,sadness
492,groq_llama3,unknown,joy
493,groq_llama3,fear,fear
494,groq_llama3,joy,joy
495,groq_llama3,sadness,joy
496,groq_llama3,anger,joy
497,groq_llama3,anger,sadness
498,groq_llama3,sadness,joy
499,groq_llama3,surprise,fear
500,groq_llama3,fear,anger
501,groq_llama3,unknown,anger
502,groq_llama3,fear,anger
503,groq_llama3,unknown,joy
504,groq_llama3,anger,joy
505,groq_llama3,sadness,joy
506,groq_llama3,sadness,sadness
507,groq_llama3,anger,anger
508,groq_llama3,sadness,sadness
509,groq_llama3,sadness,sadness
510,groq_llama3,joy,joy
511,groq_llama3,joy,joy
512,groq_llama3,fear,joy
513,groq_llama3,love,love
514,groq_llama3,sadness,fear
515,groq_llama3,sadness,joy
516,groq_llama3,joy,joy
517,groq_llama3,joy,joy
518,groq_llama3,unknown,anger
519,groq_llama3,sadness,joy
520,groq_llama3,unknown,love
521,groq_llama3,anger,sadness
522,groq_llama3,fear,fear
523,groq_llama3,sadness,anger
524,groq_llama3,joy,joy
525,groq_llama3,sadness,sadness
526,groq_llama3,sadness,fear
527,groq_llama3,anger,sadness
528,groq_llama3,anger,anger
529,groq_llama3,joy,love
530,groq_llama3,joy,joy
531,groq_llama3,sadness,joy
532,groq_llama3,unknown,joy
533,groq_llama3,joy,joy
534,groq_llama3,love,joy
535,groq_llama3,sadness,love
536,groq_llama3,fear,fear
537,groq_llama3,anger,anger
538,groq_llama3,love,joy
539,groq_llama3,sadness,sadness
540,groq_llama3,sadness,joy
541,groq_llama3,unknown,joy
542,groq_llama3,surprise,joy
543,groq_llama3,unknown,surprise
544,groq_llama3,sadness,sadness
545,groq_llama3,sadness,anger
546,groq_llama3,joy,joy
547,groq_llama3,unknown,joy
548,groq_llama3,sadness,joy
549,groq_llama3,sadness,sadness
550,groq_llama3,sadness,joy
551,groq_llama3,fear,sadness
552,groq_llama3,surprise,surprise
553,groq_llama3,sadness,sadness
554,groq_llama3,anger,joy
555,groq_llama3,love,joy
556,groq_llama3,sadness,sadness
557,groq_llama3,sadness,anger
558,groq_llama3,joy,joy
559,groq_llama3,joy,joy
560,groq_llama3,love,joy
561,groq_llama3,sadness,anger
562,groq_llama3,fear,sadness
563,groq_llama3,surprise,joy
564,groq_llama3,joy,anger
565,groq_llama3,sadness,sadness
566,groq_llama3,joy,sadness
567,groq_llama3,joy,sadness
568,groq_llama3,sadness,sadness
569,groq_llama3,love,joy
570,groq_llama3,joy,joy
571,groq_llama3,sadness,sadness
572,groq_llama3,sadness,joy
573,groq_llama3,sadness,sadness
574,groq_llama3,love,love
575,groq_llama3,sadness,love
576,groq_llama3,love,joy
577,groq_llama3,sadness,anger
578,groq_llama3,sadness,fear
579,groq_llama3,joy,joy
580,groq_llama3,joy,joy
581,groq_llama3,sadness,joy
582,groq_llama3,sadness,sadness
583,groq_llama3,unknown,joy
584,groq_llama3,fear,sadness
585,groq_llama3,sadness,fear
586,groq_llama3,sadness,sadness
587,groq_llama3,unknown,sadness
588,groq_llama3,sadness,sadness
589,groq_llama3,joy,joy
590,groq_llama3,sadness,fear
591,groq_llama3,love,sadness
592,groq_llama3,sadness,sadness
593,groq_llama3,love,love
594,groq_llama3,love,sadness
595,groq_llama3,joy,love
596,groq_llama3,love,surprise
597,groq_llama3,joy,joy
598,groq_llama3,sadness,sadness
599,groq_llama3,anger,fear
600,groq_llama3,sadness,sadness
601,groq_llama3,joy,anger
602,groq_llama3,sadness,sadness
603,groq_llama3,fear,anger
604,groq_llama3,sadness,anger
605,groq_llama3,sadness,sadness
606,groq_llama3,anger,joy
607,groq_llama3,sadness,joy
608,groq_llama3,unknown,love
609,groq_llama3,joy,joy
610,groq_llama3,anger,anger
611,groq_llama3,sadness,sadness
612,groq_llama3,joy,joy
613,groq_llama3,unknown,surprise
614,groq_llama3,love,love
615,groq_llama3,joy,love
616,groq_llama3,sadness,sadness
617,groq_llama3,love,joy
618,groq_llama3,anger,joy
619,groq_llama3,surprise,joy
620,groq_llama3,sadness,sadness
621,groq_llama3,sadness,love
622,groq_llama3,sadness,joy
623,groq_llama3,fear,fear
624,groq_llama3,joy,anger
625,groq_llama3,sadness,surprise
626,groq_llama3,fear,fear
627,groq_llama3,joy,love
628,groq_llama3,sadness,joy
629,groq_llama3,joy,love
630,groq_llama3,love,love
631,groq_llama3,sadness,joy
632,groq_llama3,fear,fear
633,groq_llama3,joy,joy
634,groq_llama3,sadness,sadness
635,groq_llama3,joy,joy
636,groq_llama3,surprise,joy
637,groq_llama3,love,joy
638,groq_llama3,joy,joy
639,groq_llama3,love,joy
640,groq_llama3,joy,joy
641,groq_llama3,sadness,sadness
642,groq_llama3,unknown,joy
643,groq_llama3,surprise,love
644,groq_llama3,love,joy
645,groq_llama3,joy,joy
646,groq_llama3,joy,joy
647,groq_llama3,joy,joy
648,groq_llama3,sadness,anger
649,groq_llama3,joy,sadness
650,groq_llama3,joy,love
651,groq_llama3,anger,joy
652,groq_llama3,sadness,sadness
653,groq_llama3,joy,joy
654,groq_llama3,joy,joy
655,groq_llama3,joy,joy
656,groq_llama3,sadness,sadness
657,groq_llama3,sadness,anger
658,groq_llama3,sadness,fear
659,groq_llama3,joy,joy
660,groq_llama3,surprise,anger
661,groq_llama3,sadness,sadness
662,groq_llama3,sadness,anger
663,groq_llama3,sadness,sadness
664,groq_llama3,sadness,anger
665,groq_llama3,sadness,anger
666,groq_llama3,unknown,fear
667,groq_llama3,sadness,sadness
668,groq_llama3,sadness,fear
669,groq_llama3,sadness,sadness
670,groq_llama3,love,love
671,groq_llama3,sadness,surprise
672,groq_llama3,joy,joy
673,groq_llama3,unknown,joy
674,groq_llama3,joy,joy
675,groq_llama3,joy,joy
676,groq_llama3,anger,anger
677,groq_llama3,sadness,sadness
678,groq_llama3,sadness,joy
679,groq_llama3,sadness,sadness
680,groq_llama3,sadness,sadness
681,groq_llama3,joy,surprise
682,groq_llama3,sadness,joy
683,groq_llama3,sadness,sadness
684,groq_llama3,sadness,sadness
685,groq_llama3,sadness,fear
686,groq_llama3,sadness,sadness
687,groq_llama3,sadness,fear
688,groq_llama3,sadness,sadness
689,groq_llama3,anger,sadness
690,groq_llama3,joy,sadness
691,groq_llama3,sadness,sadness
692,groq_llama3,sadness,fear
693,groq_llama3,anger,sadness
694,groq_llama3,sadness,fear
695,groq_llama3,joy,joy
696,groq_llama3,sadness,sadness
697,groq_llama3,sadness,fear
698,groq_llama3,sadness,anger
699,groq_llama3,joy,joy
700,groq_llama3,unknown,anger
701,groq_llama3,unknown,joy
702,groq_llama3,surprise,sadness
703,groq_llama3,sadness,sadness
704,groq_llama3,sadness,sadness
705,groq_llama3,sadness,surprise
706,groq_llama3,love,joy
707,groq_llama3,fear,joy
708,groq_llama3,love,joy
709,groq_llama3,sadness,sadness
710,groq_llama3,sadness,sadness
711,groq_llama3,anger,anger
712,groq_llama3,unknown,sadness
713,groq_llama3,joy,love
714,groq_llama3,fear,fear
715,groq_llama3,joy,love
716,groq_llama3,unknown,joy
717,groq_llama3,fear,fear
718,groq_llama3,fear,anger
719,groq_llama3,joy,joy
720,groq_llama3,joy,joy
721,groq_llama3,sadness,fear
722,groq_llama3,joy,joy
723,groq_llama3,fear,joy
724,groq_llama3,anger,anger
725,groq_llama3,sadness,sadness
726,groq_llama3,sadness,fear
727,groq_llama3,sadness,sadness
728,groq_llama3,sadness,joy
729,groq_llama3,joy,joy
730,groq_llama3,joy,joy
731,groq_llama3,sadness,sadness
732,groq_llama3,sadness,sadness
733,groq_llama3,joy,joy
734,groq_llama3,sadness,sadness
735,groq_llama3,unknown,love
736,groq_llama3,sadness,sadness
737,groq_llama3,fear,fear
738,groq_llama3,sadness,anger
739,groq_llama3,anger,anger
740,groq_llama3,joy,joy
741,groq_llama3,joy,joy
742,groq_llama3,joy,joy
743,groq_llama3,sadness,sadness
744,groq_llama3,joy,joy
745,groq_llama3,sadness,joy
746,groq_llama3,unknown,love
747,groq_llama3,unknown,joy
748,groq_llama3,sadness,sadness
749,groq_llama3,sadness,sadness
750,groq_llama3,sadness,sadness
751,groq_llama3,joy,joy
752,groq_llama3,love,joy
753,groq_llama3,unknown,sadness
754,groq_llama3,anger,fear
755,groq_llama3,anger,sadness
756,groq_llama3,unknown,joy
757,groq_llama3,anger,anger
758,groq_llama3,joy,joy
759,groq_llama3,love,joy
760,groq_llama3,anger,joy
761,groq_llama3,unknown,joy
762,groq_llama3,anger,anger
763,groq_llama3,joy,joy
764,groq_llama3,sadness,sadness
765,groq_llama3,love,love
766,groq_llama3,joy,love
767,groq_llama3,anger,anger
768,groq_llama3,sadness,sadness
769,groq_llama3,love,anger
770,groq_llama3,joy,joy
771,groq_llama3,joy,joy
772,groq_llama3,sadness,anger
773,groq_llama3,joy,joy
774,groq_llama3,sadness,sadness
775,groq_llama3,unknown,joy
776,groq_llama3,sadness,sadness
777,groq_llama3,sadness,sadness
778,groq_llama3,sadness,joy
779,groq_llama3,unknown,joy
780,groq_llama3,sadness,fear
781,groq_llama3,joy,joy
782,groq_llama3,unknown,joy
783,groq_llama3,anger,anger
784,groq_llama3,sadness,sadness
785,groq_llama3,joy,joy
786,groq_llama3,fear,joy
787,groq_llama3,joy,joy
788,groq_llama3,joy,joy
789,groq_llama3,sadness,joy
790,groq_llama3,joy,joy
791,groq_llama3,sadness,sadness
792,groq_llama3,fear,fear
793,groq_llama3,sadness,joy
794,groq_llama3,joy,joy
795,groq_llama3,surprise,surprise
796,groq_llama3,joy,sadness
797,groq_llama3,joy,joy
798,groq_llama3,sadness,sadness
799,groq_llama3,sadness,joy
800,groq_llama3,anger,joy
801,groq_llama3,anger,joy
802,groq_llama3,sadness,love
803,groq_llama3,sadness,sadness
804,groq_llama3,sadness,sadness
805,groq_llama3,unknown,joy
806,groq_llama3,unknown,sadness
807,groq_llama3,sadness,sadness
808,groq_llama3,joy,joy
809,groq_llama3,surprise,sadness
810,groq_llama3,anger,anger
811,groq_llama3,sadness,sadness
812,groq_llama3,unknown,joy
813,groq_llama3,fear,surprise
814,groq_llama3,sadness,joy
815,groq_llama3,sadness,joy
816,groq_llama3,love,anger
817,groq_llama3,sadness,sadness
818,groq_llama3,anger,sadness
819,groq_llama3,joy,joy
820,groq_llama3,sadness,surprise
821,groq_llama3,sadness,love
822,groq_llama3,anger,anger
823,groq_llama3,sadness,anger
824,groq_llama3,joy,fear
825,groq_llama3,joy,joy
826,groq_llama3,sadness,sadness
827,groq_llama3,sadness,sadness
828,groq_llama3,fear,fear
829,groq_llama3,sadness,sadness
830,groq_llama3,sadness,fear
831,groq_llama3,joy,joy
832,groq_llama3,surprise,fear
833,groq_llama3,joy,love
834,groq_llama3,sadness,fear
835,groq_llama3,anger,sadness
836,groq_llama3,sadness,anger
837,groq_llama3,sadness,sadness
838,groq_llama3,joy,sadness
839,groq_llama3,sadness,sadness
840,groq_llama3,joy,joy
841,groq_llama3,love,sadness
842,groq_llama3,joy,joy
843,groq_llama3,joy,joy
844,groq_llama3,joy,surprise
845,groq_llama3,unknown,joy
846,groq_llama3,sadness,sadness
847,groq_llama3,sadness,sadness
848,groq_llama3,sadness,fear
849,groq_llama3,joy,joy
850,groq_llama3,fear,sadness
851,groq_llama3,sadness,sadness
852,groq_llama3,sadness,joy
853,groq_llama3,joy,joy
854,groq_llama3,sadness,sadness
855,groq_llama3,sadness,sadness
856,groq_llama3,anger,sadness
857,groq_llama3,joy,joy
858,groq_llama3,sadness,sadness
859,groq_llama3,joy,joy
860,groq_llama3,anger,sadness
861,groq_llama3,anger,fear
862,groq_llama3,sadness,sadness
863,groq_llama3,anger,anger
864,groq_llama3,anger,joy
865,groq_llama3,unknown,sadness
866,groq_llama3,sadness,sadness
867,groq_llama3,surprise,joy
868,groq_llama3,sadness,sadness
869,groq_llama3,joy,love
870,groq_llama3,joy,joy
871,groq_llama3,fear,fear
872,groq_llama3,sadness,sadness
873,groq_llama3,sadness,sadness
874,groq_llama3,joy,joy
875,groq_llama3,joy,surprise
876,groq_llama3,anger,sadness
877,groq_llama3,love,joy
878,groq_llama3,sadness,joy
879,groq_llama3,joy,surprise
880,groq_llama3,sadness,fear
881,groq_llama3,sadness,anger
882,groq_llama3,sadness,sadness
883,groq_llama3,sadness,fear
884,groq_llama3,sadness,sadness
885,groq_llama3,joy,joy
886,groq_llama3,love,love
887,groq_llama3,sadness,sadness
888,groq_llama3,love,love
889,groq_llama3,joy,joy
890,groq_llama3,joy,love
891,groq_llama3,joy,joy
892,groq_llama3,sadness,anger
893,groq_llama3,joy,joy
894,groq_llama3,love,love
895,groq_llama3,sadness,love
896,groq_llama3,joy,joy
897,groq_llama3,joy,joy
898,groq_llama3,sadness,sadness
899,groq_llama3,joy,joy
900,groq_llama3,surprise,anger
901,groq_llama3,love,joy
902,groq_llama3,surprise,fear
903,groq_llama3,unknown,joy
904,groq_llama3,sadness,sadness
905,groq_llama3,unknown,anger
906,groq_llama3,sadness,sadness
907,groq_llama3,sadness,anger
908,groq_llama3,sadness,sadness
909,groq_llama3,love,love
910,groq_llama3,sadness,sadness
911,groq_llama3,joy,joy
912,groq_llama3,sadness,sadness
913,groq_llama3,joy,joy
914,groq_llama3,joy,joy
915,groq_llama3,sadness,sadness
916,groq_llama3,fear,fear
917,groq_llama3,joy,joy
918,groq_llama3,fear,sadness
919,groq_llama3,anger,sadness
920,groq_llama3,joy,joy
921,groq_llama3,joy,sadness
922,groq_llama3,anger,anger
923,groq_llama3,joy,love
924,groq_llama3,sadness,anger
925,groq_llama3,joy,joy
926,groq_llama3,sadness,sadness
927,groq_llama3,sadness,fear
928,groq_llama3,sadness,joy
929,groq_llama3,joy,joy
930,groq_llama3,sadness,anger
931,groq_llama3,joy,joy
932,groq_llama3,sadness,sadness
933,groq_llama3,anger,anger
934,groq_llama3,joy,joy
935,groq_llama3,sadness,sadness
936,groq_llama3,sadness,love
937,groq_llama3,fear,anger
938,groq_llama3,joy,joy
939,groq_llama3,unknown,joy
940,groq_llama3,sadness,joy
941,groq_llama3,sadness,fear
942,groq_llama3,sadness,fear
943,groq_llama3,sadness,sadness
944,groq_llama3,sadness,sadness
945,groq_llama3,surprise,surprise
946,groq_llama3,sadness,sadness
947,groq_llama3,unknown,sadness
948,groq_llama3,joy,joy
949,groq_llama3,sadness,sadness
950,groq_llama3,sadness,sadness
951,groq_llama3,joy,joy
952,groq_llama3,joy,joy
953,groq_llama3,sadness,sadness
954,groq_llama3,sadness,fear
955,groq_llama3,joy,joy
956,groq_llama3,joy,joy
957,groq_llama3,love,love
958,groq_llama3,joy,joy
959,groq_llama3,love,love
960,groq_llama3,surprise,love
961,groq_llama3,sadness,sadness
962,groq_llama3,sadness,sadness
963,groq_llama3,sadness,joy
964,groq_llama3,sadness,joy
965,groq_llama3,sadness,sadness
966,groq_llama3,joy,joy
967,groq_llama3,unknown,anger
968,groq_llama3,joy,anger
969,groq_llama3,sadness,surprise
970,groq_llama3,fear,anger
971,groq_llama3,sadness,joy
972,groq_llama3,sadness,joy
973,groq_llama3,sadness,anger
974,groq_llama3,sadness,sadness
975,groq_llama3,anger,joy
976,groq_llama3,anger,anger
977,groq_llama3,sadness,fear
978,groq_llama3,joy,love
979,groq_llama3,joy,anger
980,groq_llama3,sadness,joy
981,groq_llama3,sadness,sadness
982,groq_llama3,sadness,love
983,groq_llama3,sadness,sadness
984,groq_llama3,sadness,anger
985,groq_llama3,love,love
986,groq_llama3,unknown,joy
987,groq_llama3,joy,joy
988,groq_llama3,sadness,joy
989,groq_llama3,sadness,sadness
990,groq_llama3,sadness,sadness
991,groq_llama3,sadness,sadness
992,groq_llama3,sadness,love
993,groq_llama3,joy,joy
994,groq_llama3,sadness,love
995,groq_llama3,joy,fear
996,groq_llama3,sadness,surprise
997,groq_llama3,love,joy
998,groq_llama3,sadness,joy
999,groq_llama3,sadness,sadness
1000,groq_llama3,joy,joy
1001,groq_llama3,joy,joy
1002,groq_llama3,anger,anger
1003,groq_llama3,joy,joy
1004,groq_llama3,sadness,anger
1005,groq_llama3,joy,joy
1006,groq_llama3,unknown,fear
1007,groq_llama3,sadness,anger
1008,groq_llama3,anger,sadness
1009,groq_llama3,joy,joy
1010,groq_llama3,sadness,fear
1011,groq_llama3,joy,joy
1012,groq_llama3,joy,joy
1013,groq_llama3,joy,love
1014,groq_llama3,fear,sadness
1015,groq_llama3,joy,love
1016,groq_llama3,sadness,sadness
1017,groq_llama3,love,love
1018,groq_llama3,fear,fear
1019,groq_llama3,unknown,joy
1020,groq_llama3,love,sadness
1021,groq_llama3,anger,anger
1022,groq_llama3,sadness,sadness
1023,groq_llama3,joy,joy
1024,groq_llama3,joy,fear
1025,groq_llama3,sadness,anger
1026,groq_llama3,sadness,sadness
1027,groq_llama3,sadness,fear
1028,groq_llama3,joy,joy
1029,groq_llama3,sadness,sadness
1030,groq_llama3,joy,joy
1031,groq_llama3,anger,anger
1032,groq_llama3,sadness,sadness
1033,groq_llama3,anger,anger
1034,groq_llama3,sadness,sadness
1035,groq_llama3,joy,joy
1036,groq_llama3,anger,joy
1037,groq_llama3,sadness,sadness
1038,groq_llama3,sadness,fear
1039,groq_llama3,sadness,joy
1040,groq_llama3,fear,fear
1041,groq_llama3,anger,joy
1042,groq_llama3,joy,joy
1043,groq_llama3,surprise,sadness
1044,groq_llama3,joy,joy
1045,groq_llama3,sadness,sadness
1046,groq_llama3,anger,anger
1047,groq_llama3,anger,joy
1048,groq_llama3,surprise,surprise
1049,groq_llama3,anger,surprise
1050,groq_llama3,sadness,joy
1051,groq_llama3,joy,surprise
1052,groq_llama3,sadness,joy
1053,groq_llama3,anger,anger
1054,groq_llama3,joy,surprise
1055,groq_llama3,joy,joy
1056,groq_llama3,sadness,sadness
1057,groq_llama3,joy,joy
1058,groq_llama3,sadness,sadness
1059,groq_llama3,sadness,love
1060,groq_llama3,sadness,sadness
1061,groq_llama3,anger,love
1062,groq_llama3,unknown,fear
1063,groq_llama3,sadness,joy
1064,groq_llama3,sadness,love
1065,groq_llama3,sadness,sadness
1066,groq_llama3,love,joy
1067,groq_llama3,anger,anger
1068,groq_llama3,joy,joy
1069,groq_llama3,joy,joy
1070,groq_llama3,sadness,surprise
1071,groq_llama3,sadness,sadness
1072,groq_llama3,sadness,love
1073,groq_llama3,joy,joy
1074,groq_llama3,unknown,anger
1075,groq_llama3,sadness,sadness
1076,groq_llama3,fear,sadness
1077,groq_llama3,sadness,joy
1078,groq_llama3,unknown,anger
1079,groq_llama3,anger,anger
1080,groq_llama3,sadness,sadness
1081,groq_llama3,love,love
1082,groq_llama3,anger,anger
1083,groq_llama3,sadness,love
1084,groq_llama3,sadness,sadness
1085,groq_llama3,anger,anger
1086,groq_llama3,sadness,sadness
1087,groq_llama3,unknown,joy
1088,groq_llama3,sadness,sadness
1089,groq_llama3,joy,joy
1090,groq_llama3,unknown,fear
1091,groq_llama3,anger,anger
1092,groq_llama3,sadness,love
1093,groq_llama3,sadness,sadness
1094,groq_llama3,love,sadness
1095,groq_llama3,sadness,fear
1096,groq_llama3,sadness,sadness
1097,groq_llama3,sadness,anger
1098,groq_llama3,sadness,sadness
1099,groq_llama3,sadness,anger
1100,groq_llama3,joy,surprise
1101,groq_llama3,anger,anger
1102,groq_llama3,sadness,sadness
1103,groq_llama3,sadness,sadness
1104,groq_llama3,anger,fear
1105,groq_llama3,joy,joy
1106,groq_llama3,sadness,sadness
1107,groq_llama3,joy,joy
1108,groq_llama3,fear,fear
1109,groq_llama3,sadness,anger
1110,groq_llama3,anger,sadness
1111,groq_llama3,sadness,love
1112,groq_llama3,unknown,fear
1113,groq_llama3,sadness,anger
1114,groq_llama3,joy,joy
1115,groq_llama3,anger,sadness
1116,groq_llama3,joy,joy
1117,groq_llama3,love,love
1118,groq_llama3,sadness,sadness
1119,groq_llama3,sadness,anger
1120,groq_llama3,sadness,sadness
1121,groq_llama3,anger,anger
1122,groq_llama3,joy,joy
1123,groq_llama3,unknown,love
1124,groq_llama3,sadness,sadness
1125,groq_llama3,sadness,sadness
1126,groq_llama3,love,joy
1127,groq_llama3,sadness,sadness
1128,groq_llama3,unknown,joy
1129,groq_llama3,love,joy
1130,groq_llama3,love,anger
1131,groq_llama3,sadness,sadness
1132,groq_llama3,surprise,joy
1133,groq_llama3,sadness,fear
1134,groq_llama3,sadness,sadness
1135,groq_llama3,joy,sadness
1136,groq_llama3,sadness,joy
1137,groq_llama3,sadness,sadness
1138,groq_llama3,sadness,anger
1139,groq_llama3,joy,joy
1140,groq_llama3,joy,joy
1141,groq_llama3,anger,anger
1142,groq_llama3,love,joy
1143,groq_llama3,sadness,sadness
1144,groq_llama3,fear,anger
1145,groq_llama3,love,joy
1146,groq_llama3,joy,love
1147,groq_llama3,joy,joy
1148,groq_llama3,unknown,joy
1149,groq_llama3,sadness,anger
1150,groq_llama3,sadness,sadness
1151,groq_llama3,sadness,sadness
1152,groq_llama3,joy,joy
1153,groq_llama3,sadness,sadness
1154,groq_llama3,joy,joy
1155,groq_llama3,sadness,sadness
1156,groq_llama3,joy,joy
1157,groq_llama3,unknown,joy
1158,groq_llama3,anger,anger
1159,groq_llama3,unknown,joy
1160,groq_llama3,joy,joy
1161,groq_llama3,sadness,joy
1162,groq_llama3,sadness,fear
1163,groq_llama3,sadness,joy
1164,groq_llama3,anger,anger
1165,groq_llama3,joy,joy
1166,groq_llama3,joy,sadness
1167,groq_llama3,sadness,sadness
1168,groq_llama3,anger,fear
1169,groq_llama3,love,joy
1170,groq_llama3,joy,joy
1171,groq_llama3,unknown,joy
1172,groq_llama3,anger,fear
1173,groq_llama3,unknown,fear
1174,groq_llama3,joy,joy
1175,groq_llama3,joy,sadness
1176,groq_llama3,joy,joy
1177,groq_llama3,anger,anger
1178,groq_llama3,joy,love
1179,groq_llama3,sadness,joy
1180,groq_llama3,sadness,fear
1181,groq_llama3,anger,surprise
1182,groq_llama3,sadness,joy
1183,groq_llama3,sadness,joy
1184,groq_llama3,anger,anger
1185,groq_llama3,sadness,surprise
1186,groq_llama3,sadness,sadness
1187,groq_llama3,surprise,surprise
1188,groq_llama3,sadness,sadness
1189,groq_llama3,sadness,sadness
1190,groq_llama3,sadness,anger
1191,groq_llama3,sadness,sadness
1192,groq_llama3,sadness,sadness
1193,groq_llama3,sadness,sadness
1194,groq_llama3,joy,love
1195,groq_llama3,joy,sadness
1196,groq_llama3,sadness,sadness
1197,groq_llama3,sadness,sadness
1198,groq_llama3,unknown,fear
1199,groq_llama3,joy,joy
1200,groq_llama3,sadness,anger
1201,groq_llama3,sadness,sadness
1202,groq_llama3,surprise,surprise
1203,groq_llama3,joy,sadness
1204,groq_llama3,sadness,sadness
1205,groq_llama3,sadness,surprise
1206,groq_llama3,sadness,joy
1207,groq_llama3,love,love
1208,groq_llama3,fear,sadness
1209,groq_llama3,unknown,joy
1210,groq_llama3,joy,joy
1211,groq_llama3,unknown,sadness
1212,groq_llama3,sadness,sadness
1213,groq_llama3,sadness,sadness
1214,groq_llama3,sadness,sadness
1215,groq_llama3,joy,joy
1216,groq_llama3,love,love
1217,groq_llama3,joy,joy
1218,groq_llama3,joy,joy
1219,groq_llama3,surprise,joy
1220,groq_llama3,joy,joy
1221,groq_llama3,love,joy
1222,groq_llama3,sadness,sadness
1223,groq_llama3,sadness,sadness
1224,groq_llama3,sadness,sadness
1225,groq_llama3,sadness,sadness
1226,groq_llama3,joy,joy
1227,groq_llama3,joy,sadness
1228,groq_llama3,sadness,joy
1229,groq_llama3,joy,joy
1230,groq_llama3,sadness,joy
1231,groq_llama3,joy,joy
1232,groq_llama3,anger,anger
1233,groq_llama3,joy,joy
1234,groq_llama3,sadness,surprise
1235,groq_llama3,unknown,anger
1236,groq_llama3,sadness,sadness
1237,groq_llama3,sadness,sadness
1238,groq_llama3,sadness,sadness
1239,groq_llama3,joy,joy
1240,groq_llama3,sadness,surprise
1241,groq_llama3,sadness,sadness
1242,groq_llama3,sadness,sadness
1243,groq_llama3,joy,sadness
1244,groq_llama3,fear,joy
1245,groq_llama3,sadness,love
1246,groq_llama3,sadness,sadness
1247,groq_llama3,joy,joy
1248,groq_llama3,surprise,joy
1249,groq_llama3,anger,sadness
1250,groq_llama3,sadness,sadness
1251,groq_llama3,joy,joy
1252,groq_llama3,sadness,anger
1253,groq_llama3,anger,surprise
1254,groq_llama3,surprise,sadness
1255,groq_llama3,sadness,joy
1256,groq_llama3,sadness,fear
1257,groq_llama3,sadness,anger
1258,groq_llama3,unknown,fear
1259,groq_llama3,sadness,sadness
1260,groq_llama3,surprise,joy
1261,groq_llama3,fear,fear
1262,groq_llama3,sadness,joy
1263,groq_llama3,sadness,sadness
1264,groq_llama3,unknown,joy
1265,groq_llama3,joy,joy
1266,groq_llama3,sadness,fear
1267,groq_llama3,sadness,joy
1268,groq_llama3,anger,joy
1269,groq_llama3,joy,joy
1270,groq_llama3,sadness,joy
1271,groq_llama3,joy,joy
1272,groq_llama3,love,joy
1273,groq_llama3,surprise,surprise
1274,groq_llama3,anger,joy
1275,groq_llama3,surprise,surprise
1276,groq_llama3,joy,joy
1277,groq_llama3,sadness,joy
1278,groq_llama3,fear,fear
1279,groq_llama3,sadness,fear
1280,groq_llama3,anger,joy
1281,groq_llama3,anger,anger
1282,groq_llama3,anger,anger
1283,groq_llama3,joy,joy
1284,groq_llama3,sadness,sadness
1285,groq_llama3,sadness,sadness
1286,groq_llama3,unknown,joy
1287,groq_llama3,sadness,fear
1288,groq_llama3,sadness,sadness
1289,groq_llama3,love,anger
1290,groq_llama3,sadness,sadness
1291,groq_llama3,fear,joy
1292,groq_llama3,sadness,sadness
1293,groq_llama3,sadness,sadness
1294,groq_llama3,sadness,fear
1295,groq_llama3,sadness,sadness
1296,groq_llama3,sadness,fear
1297,groq_llama3,sadness,sadness
1298,groq_llama3,sadness,sadness
1299,groq_llama3,anger,anger
1300,groq_llama3,anger,anger
1301,groq_llama3,sadness,love
1302,groq_llama3,joy,joy
1303,groq_llama3,love,joy
1304,groq_llama3,anger,sadness
1305,groq_llama3,fear,fear
1306,groq_llama3,joy,surprise
1307,groq_llama3,joy,joy
1308,groq_llama3,sadness,surprise
1309,groq_llama3,joy,joy
1310,groq_llama3,unknown,joy
1311,groq_llama3,joy,joy
1312,groq_llama3,fear,fear
1313,groq_llama3,sadness,joy
1314,groq_llama3,sadness,surprise
1315,groq_llama3,sadness,joy
1316,groq_llama3,joy,joy
1317,groq_llama3,sadness,joy
1318,groq_llama3,sadness,sadness
1319,groq_llama3,sadness,anger
1320,groq_llama3,joy,anger
1321,groq_llama3,fear,fear
1322,groq_llama3,fear,fear
1323,groq_llama3,unknown,joy
1324,groq_llama3,joy,joy
1325,groq_llama3,unknown,fear
1326,groq_llama3,sadness,sadness
1327,groq_llama3,sadness,anger
1328,groq_llama3,sadness,joy
1329,groq_llama3,unknown,sadness
1330,groq_llama3,anger,joy
1331,groq_llama3,anger,joy
1332,groq_llama3,joy,joy
1333,groq_llama3,love,love
1334,groq_llama3,anger,sadness
1335,groq_llama3,sadness,sadness
1336,groq_llama3,joy,joy
1337,groq_llama3,sadness,sadness
1338,groq_llama3,sadness,sadness
1339,groq_llama3,sadness,sadness
1340,groq_llama3,sadness,love
1341,groq_llama3,unknown,sadness
1342,groq_llama3,unknown,joy
1343,groq_llama3,joy,joy
1344,groq_llama3,sadness,sadness
1345,groq_llama3,joy,joy
1346,groq_llama3,sadness,love
1347,groq_llama3,joy,love
1348,groq_llama3,joy,joy
1349,groq_llama3,anger,fear
1350,groq_llama3,sadness,joy
1351,groq_llama3,sadness,joy
1352,groq_llama3,sadness,anger
1353,groq_llama3,unknown,joy
1354,groq_llama3,sadness,anger
1355,groq_llama3,fear,fear
1356,groq_llama3,fear,joy
1357,groq_llama3,anger,joy
1358,groq_llama3,sadness,love
1359,groq_llama3,joy,joy
1360,groq_llama3,love,joy
1361,groq_llama3,joy,joy
1362,groq_llama3,sadness,joy
1363,groq_llama3,sadness,joy
1364,groq_llama3,fear,fear
1365,groq_llama3,sadness,sadness
1366,groq_llama3,sadness,sadness
1367,groq_llama3,sadness,fear
1368,groq_llama3,sadness,sadness
1369,groq_llama3,joy,joy
1370,groq_llama3,sadness,love
1371,groq_llama3,anger,anger
1372,groq_llama3,sadness,sadness
1373,groq_llama3,unknown,joy
1374,groq_llama3,sadness,sadness
1375,groq_llama3,sadness,sadness
1376,groq_llama3,unknown,anger
1377,groq_llama3,joy,love
1378,groq_llama3,joy,sadness
1379,groq_llama3,love,joy
1380,groq_llama3,love,joy
1381,groq_llama3,surprise,love
1382,groq_llama3,sadness,surprise
1383,groq_llama3,sadness,sadness
1384,groq_llama3,sadness,fear
1385,groq_llama3,unknown,joy
1386,groq_llama3,sadness,love
1387,groq_llama3,joy,love
1388,groq_llama3,joy,joy
1389,groq_llama3,sadness,joy
1390,groq_llama3,joy,joy
1391,groq_llama3,joy,joy
1392,groq_llama3,sadness,joy
1393,groq_llama3,sadness,sadness
1394,groq_llama3,surprise,surprise
1395,groq_llama3,love,love
1396,groq_llama3,sadness,sadness
1397,groq_llama3,sadness,anger
1398,groq_llama3,unknown,fear
1399,groq_llama3,sadness,anger
1400,groq_llama3,sadness,joy
1401,groq_llama3,sadness,anger
1402,groq_llama3,joy,love
1403,groq_llama3,joy,fear
1404,groq_llama3,fear,sadness
1405,groq_llama3,sadness,anger
1406,groq_llama3,joy,joy
1407,groq_llama3,joy,joy
1408,groq_llama3,joy,joy
1409,groq_llama3,sadness,fear
1410,groq_llama3,joy,joy
1411,groq_llama3,joy,joy
1412,groq_llama3,joy,fear
1413,groq_llama3,anger,anger
1414,groq_llama3,surprise,sadness
1415,groq_llama3,joy,sadness
1416,groq_llama3,love,joy
1417,groq_llama3,joy,joy
1418,groq_llama3,joy,joy
1419,groq_llama3,anger,anger
1420,groq_llama3,sadness,fear
1421,groq_llama3,fear,fear
1422,groq_llama3,anger,sadness
1423,groq_llama3,sadness,sadness
1424,groq_llama3,sadness,anger
1425,groq_llama3,joy,fear
1426,groq_llama3,fear,anger
1427,groq_llama3,joy,joy
1428,groq_llama3,joy,joy
1429,groq_llama3,sadness,joy
1430,groq_llama3,sadness,sadness
1431,groq_llama3,unknown,sadness
1432,groq_llama3,unknown,joy
1433,groq_llama3,unknown,sadness
1434,groq_llama3,sadness,joy
1435,groq_llama3,sadness,sadness
1436,groq_llama3,anger,love
1437,groq_llama3,sadness,sadness
1438,groq_llama3,sadness,sadness
1439,groq_llama3,sadness,sadness
1440,groq_llama3,fear,joy
1441,groq_llama3,anger,fear
1442,groq_llama3,unknown,fear
1443,groq_llama3,sadness,sadness
1444,groq_llama3,joy,joy
1445,groq_llama3,joy,fear
1446,groq_llama3,sadness,sadness
1447,groq_llama3,joy,joy
1448,groq_llama3,sadness,joy
1449,groq_llama3,sadness,joy
1450,groq_llama3,joy,joy
1451,groq_llama3,joy,surprise
1452,groq_llama3,sadness,anger
1453,groq_llama3,love,sadness
1454,groq_llama3,joy,joy
1455,groq_llama3,sadness,sadness
1456,groq_llama3,sadness,sadness
1457,groq_llama3,unknown,joy
1458,groq_llama3,sadness,love
1459,groq_llama3,sadness,joy
1460,groq_llama3,anger,joy
1461,groq_llama3,joy,joy
1462,groq_llama3,sadness,sadness
1463,groq_llama3,sadness,love
1464,groq_llama3,sadness,fear
1465,groq_llama3,sadness,surprise
1466,groq_llama3,love,joy
1467,groq_llama3,sadness,fear
1468,groq_llama3,joy,joy
1469,groq_llama3,anger,fear
1470,groq_llama3,unknown,anger
1471,groq_llama3,sadness,sadness
1472,groq_llama3,joy,joy
1473,groq_llama3,joy,joy
1474,groq_llama3,sadness,sadness
1475,groq_llama3,fear,sadness
1476,groq_llama3,sadness,love
1477,groq_llama3,fear,fear
1478,groq_llama3,sadness,love
1479,groq_llama3,anger,joy
1480,groq_llama3,joy,joy
1481,groq_llama3,unknown,joy
1482,groq_llama3,anger,sadness
1483,groq_llama3,sadness,sadness
1484,groq_llama3,anger,anger
1485,groq_llama3,surprise,surprise
1486,groq_llama3,joy,joy
1487,groq_llama3,love,joy
1488,groq_llama3,joy,love
1489,groq_llama3,sadness,sadness
1490,groq_llama3,joy,joy
1491,groq_llama3,anger,anger
1492,groq_llama3,sadness,fear
1493,groq_llama3,sadness,joy
1494,groq_llama3,sadness,sadness
1495,groq_llama3,love,joy
1496,groq_llama3,fear,fear
1497,groq_llama3,surprise,love
1498,groq_llama3,joy,joy
1499,groq_llama3,anger,anger
1500,groq_llama3,joy,joy
1501,groq_llama3,joy,joy
1502,groq_llama3,joy,joy
1503,groq_llama3,sadness,sadness
1504,groq_llama3,anger,sadness
1505,groq_llama3,sadness,sadness
1506,groq_llama3,sadness,joy
1507,groq_llama3,anger,anger
1508,groq_llama3,anger,fear
1509,groq_llama3,anger,fear
1510,groq_llama3,sadness,anger
1511,groq_llama3,sadness,sadness
1512,groq_llama3,joy,joy
1513,groq_llama3,sadness,love
1514,groq_llama3,sadness,joy
1515,groq_llama3,joy,joy
1516,groq_llama3,sadness,joy
1517,groq_llama3,sadness,fear
1518,groq_llama3,sadness,joy
1519,groq_llama3,sadness,sadness
1520,groq_llama3,joy,joy
1521,groq_llama3,sadness,sadness
1522,groq_llama3,sadness,sadness
1523,groq_llama3,anger,anger
1524,groq_llama3,joy,love
1525,groq_llama3,love,joy
1526,groq_llama3,sadness,joy
1527,groq_llama3,sadness,sadness
1528,groq_llama3,fear,fear
1529,groq_llama3,joy,joy
1530,groq_llama3,anger,anger
1531,groq_llama3,sadness,fear
1532,groq_llama3,joy,joy
1533,groq_llama3,sadness,anger
1534,groq_llama3,unknown,fear
1535,groq_llama3,anger,anger
1536,groq_llama3,joy,joy
1537,groq_llama3,joy,joy
1538,groq_llama3,anger,joy
1539,groq_llama3,joy,joy
1540,groq_llama3,sadness,sadness
1541,groq_llama3,sadness,love
1542,groq_llama3,anger,anger
1543,groq_llama3,anger,anger
1544,groq_llama3,joy,joy
1545,groq_llama3,joy,love
1546,groq_llama3,sadness,sadness
1547,groq_llama3,love,sadness
1548,groq_llama3,sadness,sadness
1549,groq_llama3,surprise,joy
1550,groq_llama3,joy,joy
1551,groq_llama3,sadness,sadness
1552,groq_llama3,joy,fear
1553,groq_llama3,unknown,joy
1554,groq_llama3,anger,sadness
1555,groq_llama3,sadness,sadness
1556,groq_llama3,anger,anger
1557,groq_llama3,sadness,sadness
1558,groq_llama3,joy,joy
1559,groq_llama3,joy,joy
1560,groq_llama3,sadness,sadness
1561,groq_llama3,surprise,fear
1562,groq_llama3,anger,joy
1563,groq_llama3,surprise,fear
1564,groq_llama3,sadness,sadness
1565,groq_llama3,unknown,anger
1566,groq_llama3,love,joy
1567,groq_llama3,sadness,sadness
1568,groq_llama3,sadness,joy
1569,groq_llama3,sadness,sadness
1570,groq_llama3,sadness,anger
1571,groq_llama3,sadness,love
1572,groq_llama3,anger,fear
1573,groq_llama3,love,joy
1574,groq_llama3,sadness,sadness
1575,groq_llama3,unknown,fear
1576,groq_llama3,sadness,fear
1577,groq_llama3,sadness,fear
1578,groq_llama3,sadness,sadness
1579,groq_llama3,joy,joy
1580,groq_llama3,sadness,sadness
1581,groq_llama3,sadness,sadness
1582,groq_llama3,sadness,sadness
1583,groq_llama3,anger,joy
1584,groq_llama3,anger,anger
1585,groq_llama3,joy,joy
1586,groq_llama3,anger,anger
1587,groq_llama3,sadness,sadness
1588,groq_llama3,sadness,love
1589,groq_llama3,sadness,joy
1590,groq_llama3,sadness,joy
1591,groq_llama3,sadness,anger
1592,groq_llama3,love,love
1593,groq_llama3,sadness,sadness
1594,groq_llama3,joy,joy
1595,groq_llama3,sadness,sadness
1596,groq_llama3,sadness,sadness
1597,groq_llama3,joy,joy
1598,groq_llama3,sadness,anger
1599,groq_llama3,surprise,surprise
1600,groq_llama3,anger,sadness
1601,groq_llama3,joy,joy
1602,groq_llama3,anger,anger
1603,groq_llama3,joy,sadness
1604,groq_llama3,joy,joy
1605,groq_llama3,sadness,sadness
1606,groq_llama3,sadness,fear
1607,groq_llama3,unknown,joy
1608,groq_llama3,unknown,joy
1609,groq_llama3,sadness,fear
1610,groq_llama3,fear,fear
1611,groq_llama3,joy,joy
1612,groq_llama3,sadness,anger
1613,groq_llama3,anger,joy
1614,groq_llama3,joy,joy
1615,groq_llama3,unknown,sadness
1616,groq_llama3,sadness,anger
1617,groq_llama3,sadness,joy
1618,groq_llama3,anger,fear
1619,groq_llama3,unknown,joy
1620,groq_llama3,love,joy
1621,groq_llama3,sadness,sadness
1622,groq_llama3,sadness,sadness
1623,groq_llama3,joy,joy
1624,groq_llama3,unknown,fear
1625,groq_llama3,anger,anger
1626,groq_llama3,anger,anger
1627,groq_llama3,sadness,sadness
1628,groq_llama3,surprise,anger
1629,groq_llama3,anger,anger
1630,groq_llama3,sadness,joy
1631,groq_llama3,sadness,sadness
1632,groq_llama3,fear,fear
1633,groq_llama3,joy,fear
1634,groq_llama3,sadness,surprise
1635,groq_llama3,joy,joy
1636,groq_llama3,joy,joy
1637,groq_llama3,joy,surprise
1638,groq_llama3,joy,joy
1639,groq_llama3,joy,joy
1640,groq_llama3,joy,joy
1641,groq_llama3,sadness,anger
1642,groq_llama3,love,love
1643,groq_llama3,sadness,fear
1644,groq_llama3,sadness,sadness
1645,groq_llama3,sadness,sadness
1646,groq_llama3,joy,joy
1647,groq_llama3,anger,joy
1648,groq_llama3,joy,joy
1649,groq_llama3,anger,anger
1650,groq_llama3,sadness,love
1651,groq_llama3,sadness,sadness
1652,groq_llama3,love,joy
1653,groq_llama3,sadness,fear
1654,groq_llama3,sadness,anger
1655,groq_llama3,sadness,fear
1656,groq_llama3,joy,joy
1657,groq_llama3,fear,fear
1658,groq_llama3,sadness,sadness
1659,groq_llama3,sadness,sadness
1660,groq_llama3,sadness,sadness
1661,groq_llama3,sadness,sadness
1662,groq_llama3,joy,joy
1663,groq_llama3,sadness,sadness
1664,groq_llama3,fear,sadness
1665,groq_llama3,sadness,sadness
1666,groq_llama3,sadness,sadness
1667,groq_llama3,anger,anger
1668,groq_llama3,fear,sadness
1669,groq_llama3,fear,sadness
1670,groq_llama3,anger,joy
1671,groq_llama3,unknown,joy
1672,groq_llama3,joy,joy
1673,groq_llama3,sadness,fear
1674,groq_llama3,unknown,joy
1675,groq_llama3,love,anger
1676,groq_llama3,sadness,sadness
1677,groq_llama3,surprise,fear
1678,groq_llama3,sadness,anger
1679,groq_llama3,sadness,sadness
1680,groq_llama3,sadness,love
1681,groq_llama3,sadness,anger
1682,groq_llama3,joy,sadness
1683,groq_llama3,sadness,joy
1684,groq_llama3,joy,love
1685,groq_llama3,joy,love
1686,groq_llama3,sadness,joy
1687,groq_llama3,sadness,joy
1688,groq_llama3,joy,joy
1689,groq_llama3,joy,joy
1690,groq_llama3,sadness,sadness
1691,groq_llama3,sadness,anger
1692,groq_llama3,anger,joy
1693,groq_llama3,unknown,joy
1694,groq_llama3,joy,joy
1695,groq_llama3,fear,anger
1696,groq_llama3,sadness,sadness
1697,groq_llama3,unknown,sadness
1698,groq_llama3,sadness,sadness
1699,groq_llama3,anger,anger
1700,groq_llama3,love,joy
1701,groq_llama3,love,love
1702,groq_llama3,sadness,sadness
1703,groq_llama3,love,joy
1704,groq_llama3,sadness,sadness
1705,groq_llama3,joy,joy
1706,groq_llama3,sadness,sadness
1707,groq_llama3,joy,joy
1708,groq_llama3,sadness,joy
1709,groq_llama3,sadness,love
1710,groq_llama3,anger,anger
1711,groq_llama3,sadness,joy
1712,groq_llama3,surprise,anger
1713,groq_llama3,sadness,sadness
1714,groq_llama3,joy,love
1715,groq_llama3,sadness,sadness
1716,groq_llama3,sadness,fear
1717,groq_llama3,unknown,joy
1718,groq_llama3,fear,fear
1719,groq_llama3,sadness,joy
1720,groq_llama3,sadness,sadness
1721,groq_llama3,surprise,surprise
1722,groq_llama3,joy,joy
1723,groq_llama3,sadness,anger
1724,groq_llama3,joy,joy
1725,groq_llama3,joy,anger
1726,groq_llama3,joy,joy
1727,groq_llama3,unknown,joy
1728,groq_llama3,sadness,sadness
1729,groq_llama3,love,joy
1730,groq_llama3,sadness,anger
1731,groq_llama3,sadness,love
1732,groq_llama3,sadness,love
1733,groq_llama3,joy,joy
1734,groq_llama3,joy,surprise
1735,groq_llama3,surprise,fear
1736,groq_llama3,sadness,fear
1737,groq_llama3,anger,anger
1738,groq_llama3,anger,anger
1739,groq_llama3,joy,love
1740,groq_llama3,sadness,fear
1741,groq_llama3,sadness,anger
1742,groq_llama3,sadness,sadness
1743,groq_llama3,unknown,fear
1744,groq_llama3,joy,sadness
1745,groq_llama3,love,love
1746,groq_llama3,love,joy
1747,groq_llama3,surprise,fear
1748,groq_llama3,sadness,anger
1749,groq_llama3,fear,sadness
1750,groq_llama3,joy,joy
1751,groq_llama3,sadness,sadness
1752,groq_llama3,sadness,sadness
1753,groq_llama3,joy,joy
1754,groq_llama3,fear,joy
1755,groq_llama3,sadness,sadness
1756,groq_llama3,joy,love
1757,groq_llama3,joy,joy
1758,groq_llama3,joy,joy
1759,groq_llama3,sadness,sadness
1760,groq_llama3,fear,fear
1761,groq_llama3,joy,joy
1762,groq_llama3,sadness,fear
1763,groq_llama3,joy,joy
1764,groq_llama3,sadness,joy
1765,groq_llama3,love,love
1766,groq_llama3,love,joy
1767,groq_llama3,joy,joy
1768,groq_llama3,sadness,sadness
1769,groq_llama3,sadness,joy
1770,groq_llama3,joy,joy
1771,groq_llama3,sadness,sadness
1772,groq_llama3,sadness,joy
1773,groq_llama3,joy,joy
1774,groq_llama3,unknown,surprise
1775,groq_llama3,surprise,surprise
1776,groq_llama3,joy,joy
1777,groq_llama3,joy,joy
1778,groq_llama3,sadness,sadness
1779,groq_llama3,joy,sadness
1780,groq_llama3,sadness,anger
1781,groq_llama3,anger,sadness
1782,groq_llama3,anger,joy
1783,groq_llama3,sadness,anger
1784,groq_llama3,fear,fear
1785,groq_llama3,sadness,fear
1786,groq_llama3,sadness,joy
1787,groq_llama3,sadness,sadness
1788,groq_llama3,fear,fear
1789,groq_llama3,sadness,sadness
1790,groq_llama3,sadness,sadness
1791,groq_llama3,joy,surprise
1792,groq_llama3,joy,sadness
1793,groq_llama3,joy,joy
1794,groq_llama3,unknown,anger
1795,groq_llama3,anger,sadness
1796,groq_llama3,sadness,sadness
1797,groq_llama3,sadness,surprise
1798,groq_llama3,sadness,sadness
1799,groq_llama3,sadness,joy
1800,groq_llama3,joy,joy
1801,groq_llama3,joy,joy
1802,groq_llama3,sadness,sadness
1803,groq_llama3,sadness,sadness
1804,groq_llama3,sadness,sadness
1805,groq_llama3,sadness,sadness
1806,groq_llama3,sadness,sadness
1807,groq_llama3,love,joy
1808,groq_llama3,fear,fear
1809,groq_llama3,anger,anger
1810,groq_llama3,fear,fear
1811,groq_llama3,sadness,fear
1812,groq_llama3,sadness,sadness
1813,groq_llama3,sadness,sadness
1814,groq_llama3,sadness,sadness
1815,groq_llama3,joy,joy
1816,groq_llama3,sadness,sadness
1817,groq_llama3,unknown,joy
1818,groq_llama3,unknown,love
1819,groq_llama3,anger,anger
1820,groq_llama3,sadness,sadness
1821,groq_llama3,sadness,sadness
1822,groq_llama3,joy,joy
1823,groq_llama3,sadness,anger
1824,groq_llama3,joy,joy
1825,groq_llama3,unknown,joy
1826,groq_llama3,joy,joy
1827,groq_llama3,sadness,sadness
1828,groq_llama3,sadness,sadness
1829,groq_llama3,surprise,fear
1830,groq_llama3,joy,joy
1831,groq_llama3,joy,joy
1832,groq_llama3,anger,anger
1833,groq_llama3,sadness,love
1834,groq_llama3,joy,joy
1835,groq_llama3,sadness,anger
1836,groq_llama3,joy,love
1837,groq_llama3,anger,sadness
1838,groq_llama3,sadness,sadness
1839,groq_llama3,unknown,joy
1840,groq_llama3,unknown,joy
1841,groq_llama3,sadness,sadness
1842,groq_llama3,joy,joy
1843,groq_llama3,joy,joy
1844,groq_llama3,unknown,love
1845,groq_llama3,joy,joy
1846,groq_llama3,sadness,sadness
1847,groq_llama3,sadness,joy
1848,groq_llama3,joy,joy
1849,groq_llama3,sadness,love
1850,groq_llama3,joy,joy
1851,groq_llama3,sadness,love
1852,groq_llama3,anger,joy
1853,groq_llama3,love,fear
1854,groq_llama3,joy,joy
1855,groq_llama3,sadness,sadness
1856,groq_llama3,anger,anger
1857,groq_llama3,joy,joy
1858,groq_llama3,joy,anger
1859,groq_llama3,sadness,joy
1860,groq_llama3,joy,sadness
1861,groq_llama3,sadness,joy
1862,groq_llama3,anger,anger
1863,groq_llama3,sadness,joy
1864,groq_llama3,sadness,sadness
1865,groq_llama3,sadness,sadness
1866,groq_llama3,joy,joy
1867,groq_llama3,sadness,sadness
1868,groq_llama3,anger,anger
1869,groq_llama3,anger,joy
1870,groq_llama3,joy,joy
1871,groq_llama3,fear,fear
1872,groq_llama3,love,joy
1873,groq_llama3,joy,joy
1874,groq_llama3,sadness,fear
1875,groq_llama3,joy,joy
1876,groq_llama3,sadness,anger
1877,groq_llama3,fear,fear
1878,groq_llama3,anger,sadness
1879,groq_llama3,sadness,sadness
1880,groq_llama3,joy,joy
1881,groq_llama3,sadness,sadness
1882,groq_llama3,joy,joy
1883,groq_llama3,sadness,joy
1884,groq_llama3,sadness,sadness
1885,groq_llama3,joy,joy
1886,groq_llama3,sadness,sadness
1887,groq_llama3,sadness,joy
1888,groq_llama3,joy,joy
1889,groq_llama3,sadness,love
1890,groq_llama3,sadness,anger
1891,groq_llama3,unknown,joy
1892,groq_llama3,anger,anger
1893,groq_llama3,fear,sadness
1894,groq_llama3,unknown,joy
1895,groq_llama3,sadness,sadness
1896,groq_llama3,sadness,sadness
1897,groq_llama3,sadness,sadness
1898,groq_llama3,joy,joy
1899,groq_llama3,joy,love
1900,groq_llama3,sadness,sadness
1901,groq_llama3,sadness,sadness
1902,groq_llama3,joy,love
1903,groq_llama3,sadness,sadness
1904,groq_llama3,unknown,joy
1905,groq_llama3,sadness,sadness
1906,groq_llama3,sadness,sadness
1907,groq_llama3,sadness,anger
1908,groq_llama3,sadness,sadness
1909,groq_llama3,anger,anger
1910,groq_llama3,sadness,joy
1911,groq_llama3,surprise,surprise
1912,groq_llama3,anger,fear
1913,groq_llama3,anger,anger
1914,groq_llama3,unknown,joy
1915,groq_llama3,joy,joy
1916,groq_llama3,sadness,joy
1917,groq_llama3,sadness,anger
1918,groq_llama3,sadness,sadness
1919,groq_llama3,sadness,sadness
1920,groq_llama3,sadness,joy
1921,groq_llama3,joy,joy
1922,groq_llama3,sadness,sadness
1923,groq_llama3,sadness,sadness
1924,groq_llama3,joy,joy
1925,groq_llama3,unknown,surprise
1926,groq_llama3,sadness,sadness
1927,groq_llama3,sadness,sadness
1928,groq_llama3,love,fear
1929,groq_llama3,sadness,anger
1930,groq_llama3,sadness,sadness
1931,groq_llama3,joy,joy
1932,groq_llama3,anger,sadness
1933,groq_llama3,joy,joy
1934,groq_llama3,sadness,joy
1935,groq_llama3,sadness,fear
1936,groq_llama3,joy,love
1937,groq_llama3,fear,sadness
1938,groq_llama3,anger,anger
1939,groq_llama3,sadness,joy
1940,groq_llama3,sadness,sadness
1941,groq_llama3,joy,joy
1942,groq_llama3,unknown,fear
1943,groq_llama3,sadness,sadness
1944,groq_llama3,unknown,joy
1945,groq_llama3,love,love
1946,groq_llama3,sadness,anger
1947,groq_llama3,sadness,sadness
1948,groq_llama3,sadness,sadness
1949,groq_llama3,unknown,joy
1950,groq_llama3,sadness,sadness
1951,groq_llama3,joy,joy
1952,groq_llama3,fear,fear
1953,groq_llama3,love,joy
1954,groq_llama3,sadness,sadness
1955,groq_llama3,sadness,sadness
1956,groq_llama3,joy,joy
1957,groq_llama3,joy,surprise
1958,groq_llama3,joy,joy
1959,groq_llama3,love,joy
1960,groq_llama3,unknown,sadness
1961,groq_llama3,sadness,love
1962,groq_llama3,joy,joy
1963,groq_llama3,love,joy
1964,groq_llama3,sadness,sadness
1965,groq_llama3,sadness,sadness
1966,groq_llama3,joy,joy
1967,groq_llama3,surprise,joy
1968,groq_llama3,sadness,sadness
1969,groq_llama3,joy,love
1970,groq_llama3,sadness,love
1971,groq_llama3,joy,joy
1972,groq_llama3,joy,joy
1973,groq_llama3,joy,joy
1974,groq_llama3,sadness,anger
1975,groq_llama3,fear,fear
1976,groq_llama3,sadness,joy
1977,groq_llama3,sadness,sadness
1978,groq_llama3,sadness,sadness
1979,groq_llama3,unknown,anger
1980,groq_llama3,sadness,sadness
1981,groq_llama3,unknown,anger
1982,groq_llama3,unknown,anger
1983,groq_llama3,sadness,sadness
1984,groq_llama3,sadness,anger
1985,groq_llama3,sadness,joy
1986,groq_llama3,anger,fear
1987,groq_llama3,sadness,sadness
1988,groq_llama3,sadness,sadness
1989,groq_llama3,sadness,sadness
1990,groq_llama3,unknown,love
1991,groq_llama3,unknown,love
1992,groq_llama3,anger,anger
1993,groq_llama3,anger,anger
1994,groq_llama3,sadness,sadness
1995,groq_llama3,anger,anger
1996,groq_llama3,anger,anger
1997,groq_llama3,joy,joy
1998,groq_llama3,joy,joy
1999,groq_llama3,sadness,fear
